nom_sous_domaine,nom_domaine
MUSIQUES TRADITIONNELLES ET DU MONDE,MUSIQUES ACTUELLES
TRANSDISCIPLINAIRE,TRANSDISCIPLINAIRE
PLURIDISCIPLINAIRE SPECTACLE VIVANT,PLURIDISCIPLINAIRE SPECTACLE VIVANT
MUSIQUES AMPLIFIÉES OU ÉLECTRONIQUES,MUSIQUES ACTUELLES
ARTS DE LA RUE,CIRQUE ET ARTS DE LA RUE
MUSIQUES ACTUELLES,MUSIQUES ACTUELLES
PLURIDISCIPLINAIRE MUSIQUE,PLURIDISCIPLINAIRE MUSIQUE
"JAZZ, BLUES ET MUSIQUES IMPROVISÉES",MUSIQUES ACTUELLES
MUSIQUES CLASSIQUES,MUSIQUES CLASSIQUES
CHANSON,MUSIQUES ACTUELLES
HUMOUR,DIVERS SPECTACLE VIVANT
BAROQUE ET ANCIEN,MUSIQUES CLASSIQUES
BANDE DESSINÉE,LIVRE ET LITTÉRATURE
CULTURES D'AFRIQUE,TRANSDISCIPLINAIRE
ARTS PLATIQUES ET MUSIQUE,TRANSDISCIPLINAIRE
MUSIQUE DE CHAMBRE,MUSIQUES CLASSIQUES
ARTS PLASTIQUES ET VISUELS,ARTS PLASTIQUES ET VISUELS
DANSE CONTEMPORAINE,DANSE
CINÉMAS ÉTRANGERS,CINÉMA ET AUDIOVISUEL
DANSE ET MUSIQUE,PLURIDISCIPLINAIRE SPECTACLE VIVANT
JEUNE PUBLIC,PLURIDISCIPLINAIRE SPECTACLE VIVANT
MARIONNETTES,DIVERS SPECTACLE VIVANT
MUSIQUE CONTEMPORAINE,MUSIQUES CLASSIQUES
TRADUCTION,LIVRE ET LITTÉRATURE
LIVRE ET LITTÉRATURE,LIVRE ET LITTÉRATURE
CIRQUE ET ARTS DE LA RUE,CIRQUE ET ARTS DE LA RUE
CIRQUE,CIRQUE ET ARTS DE LA RUE
SCIENCES HUMAINES ET SOCIALES,LIVRE ET LITTÉRATURE
LITTÉRATURES ÉTRANGÈRES,LIVRE ET LITTÉRATURE
ARCHITECTURE ET PAYSAGE,DOMAINES DIVERS
PHOTOGRAPHIE,ARTS PLASTIQUES ET VISUELS
DESIGN,ARTS PLASTIQUES ET VISUELS
HISTOIRE ET PATRIMOINE,DOMAINES DIVERS
POÉSIE,LIVRE ET LITTÉRATURE
LITTÉRATURE POLICIÈRE,LIVRE ET LITTÉRATURE
FILMS FANTASTIQUE,CINÉMA ET AUDIOVISUEL
MUSIQUE ET DANSE,PLURIDISCIPLINAIRE SPECTACLE VIVANT
DANSES URBAINES,DANSE
DOCUMENTAIRE,CINÉMA ET AUDIOVISUEL
CRÉATION NUMÉRIQUE,TRANSDISCIPLINAIRE
DANSE,DANSE
AUDIOVISUEL,CINÉMA ET AUDIOVISUEL
CINÉMA ET AUDIOVISUEL,CINÉMA ET AUDIOVISUEL
ILLUSTRATION,LIVRE ET LITTÉRATURE
NATURE ET LITTÉRATURE,TRANSDISCIPLINAIRE
LYRIQUE ET CHORAL,MUSIQUES CLASSIQUES
ENFANCE ET JEUNESSE,CINÉMA ET AUDIOVISUEL
ANIMATION,CINÉMA ET AUDIOVISUEL
POP CULTURE,TRANSDISCIPLINAIRE
CULTURE HIP HOP,TRANSDISCIPLINAIRE
CONTE,DIVERS SPECTACLE VIVANT
COURTS-MÉTRAGES,CINÉMA ET AUDIOVISUEL
DANSES ET MUSIQUES URBAINES,PLURIDISCIPLINAIRE SPECTACLE VIVANT
DANSES DU MONDE ET TRADITIONNELLES,DANSE
CULTURES ÉLECTRONIQUES,TRANSDISCIPLINAIRE
THÉÂTRE,THÉÂTRE
MUSIQUE ET BANDE DESSINÉE,TRANSDISCIPLINAIRE
HUMOUR, CONTE, MUSIQUE,PLURIDISCIPLINAIRE SPECTACLE VIVANT
MARIONNETTES,DIVERS SPECTACLE VIVANT
MUSIQUES, DANSES, CINÉMA, EXPOSITIONS,TRANSDISCIPLINAIRE
LIVRE ET CINÉMA,TRANSDISCIPLINAIRE
ART NUMÉRIQUE,ARTS PLASTIQUES ET VISUELS
JEUNE PUBLIC,TRANSDISCIPLINAIRE
CULTURE ANDALOUSE,TRANSDISCIPLINAIRE
SCIENCES ET TECHNIQUES,DOMAINES DIVERS
GÉOPOLITIQUE,TRANSDISCIPLINAIRE
JOURNALISME,DOMAINES DIVERS
CINÉMA ET NATURE,TRANSDISCIPLINAIRE
BANDES ANNONCES,CINÉMA ET AUDIOVISUEL
BIOGRAPHIE,LIVRE ET LITTÉRATURE
MAGIE,DIVERS SPECTACLE VIVANT
DANSE ET ARTS MULTIPLES,PLURIDISCIPLINAIRE SPECTACLE VIVANT
CIRQUE, DANSE, PERFORMANCE, MUSIQUE,PLURIDISCIPLINAIRE SPECTACLE VIVANT
DANSES ET MUSIQUES DU MONDE,PLURIDISCIPLINAIRE SPECTACLE VIVANT
MUSIQUES ACTUELLES ET ARTS DE LA RUE,PLURIDISCIPLINAIRE SPECTACLE VIVANT
THÉÂTRE ESPAGNOL,THÉÂTRE
LIVRE AUDIO,LIVRE ET LITTÉRATURE
LIVRE DE JEUNESSE,LIVRE ET LITTÉRATURE
"CINÉMA, LITTÉRATURE",TRANSDISCIPLINAIRE
PATRIMOINE CINÉMATOGRAPHIQUE,CINÉMA ET AUDIOVISUEL
MODE ET PHOTOGRAPHIE,ARTS PLASTIQUES ET VISUELS
JARDINS,DOMAINES DIVERS
FILM POLICIER,CINÉMA ET AUDIOVISUEL
PREMIERS FILMS,CINÉMA ET AUDIOVISUEL
THÉÂTRE AMATEUR,THÉÂTRE
ARTS DU CARNET,LIVRE ET LITTÉRATURE
LITTÉRATURE ET CHANSON,TRANSDISCIPLINAIRE
MUSIQUE ET ARTS VISUELS,TRANSDISCIPLINAIRE
STREET ART,ARTS PLASTIQUES ET VISUELS
LECTURES ET SPECTACLES,TRANSDISCIPLINAIRE
"THÉÂTRE, MARIONNETTES, OBJETS,MUSIQUE, ARTS PLASTIQUES, VIDÉO",TRANSDISCIPLINAIRE
JEUNE PUBLIC,THÉÂTRE
ARTS PLASTIQUES ET MUSIQUE,TRANSDISCIPLINAIRE
JEUNE PUBLIC,MUSIQUES ACTUELLES
IMPROVISATION THÉATRALE,THÉÂTRE
JARDINS ET SPECTACLE VIVANT,TRANSDISCIPLINAIRE
"SPECTACLE VIVANT, ARTS VISUELS, GOÛT",TRANSDISCIPLINAIRE
CINÉMA ET MUSIQUE,TRANSDISCIPLINAIRE
"LECTURE, SPECTACLES",TRANSDISCIPLINAIRE
"MUSIQUE, CIRQUE, HUMOUR",PLURIDISCIPLINAIRE SPECTACLE VIVANT
NATURE ET ARTS PLASTIQUES,TRANSDISCIPLINAIRE
MARIONNETTES,DIVERS SPECTACLE VIVANT
MUSIQUES ÉLECTRO,PLURIDISCIPLINAIRE MUSIQUE
"EXPOSITIONS, CONCERTS",TRANSDISCIPLINAIRE
MUSIQUES ET DANSES DU MONDE,PLURIDISCIPLINAIRE SPECTACLE VIVANT
LIVRE ET VIN,TRANSDISCIPLINAIRE
"ART URBAIN, ART CONTEMPORAIN, MUSIQUES ACTUELLES.",TRANSDISCIPLINAIRE
CULTURES URBAINES,TRANSDISCIPLINAIRE
MUSIQUES ACTUELLES,MUSIQUES ACTUELLES
CINÉMA ET MUSIQUE,TRANSDISCIPLINAIRE
"SPECTACLE VIVANT, ARTS VISUELS, ARTS PLASTIQUES ET CINÉMA",TRANSDISCIPLINAIRE
LIVRE ET ARTS VISUELS,TRANSDISCIPLINAIRE
"CINÉMA, MUSIQUE",TRANSDISCIPLINAIRE
LITTÉRATURE ET SPECTACLE VIVANT,TRANSDISCIPLINAIRE
MUSIQUE ET CUISINE,TRANSDISCIPLINAIRE
SCIENCE FICTION,LIVRE ET LITTÉRATURE
LITTÉRATURE ET JAZZ,TRANSDISCIPLINAIRE
MUSIQUES ACTUELLES ET ARTS DE LA RUE,PLURIDISCIPLINAIRE SPECTACLE VIVANT
SCIENCE FICTION,TRANSDISCIPLINAIRE
LITTÉRATURE ET MUSIQUE,TRANSDISCIPLINAIRE
MIME,DIVERS SPECTACLE VIVANT
CULTURES AFRICAINES,TRANSDISCIPLINAIRE
ELECTRO,MUSIQUES ACTUELLES
MUSIQUE ET LITTÉRATURE,TRANSDISCIPLINAIRE
SPORT ET MUSIQUES ACTUELLES,TRANSDISCIPLINAIRE
MUSIQUES ET ARTS VISUELS,TRANSDISCIPLINAIRE
ARTS ET  CULTURES DU PROCHE-ORIENT,TRANSDISCIPLINAIRE
"EXPOSITIONS, MUSIQUES ACTUELLES",TRANSDISCIPLINAIRE
MUSIQUES ET ARTS DE LA RUE,PLURIDISCIPLINAIRE SPECTACLE VIVANT
CULTURES NORDIQUES,TRANSDISCIPLINAIRE
CONTE,DIVERS SPECTACLE VIVANT
ECRITURES,LIVRE ET LITTÉRATURE
THÉÂTRE ET LECTURE,TRANSDISCIPLINAIRE
SPECTACLE VIVANT ET ARTS DE LA TABLE,TRANSDISCIPLINAIRE
VIN ET MUSIQUE,TRANSDISCIPLINAIRE
LIVRE HISTORIQUE,LIVRE ET LITTÉRATURE
REVUES,LIVRE ET LITTÉRATURE
LIVRE DE MONTAGNE,LIVRE ET LITTÉRATURE
LIVRE ANCIEN,TRANSDISCIPLINAIRE
POCHE,LIVRE ET LITTÉRATURE
MUSIQUE ET ARTS PLASTIQUES,TRANSDISCIPLINAIRE
SWING,DANSE
"MUSIQUE, THÉÂTRE, CINÉMA, GASTRONOMIE",TRANSDISCIPLINAIRE
"THÉÂTRE, POÉSIE, MUSIQUE",TRANSDISCIPLINAIRE
THÉÂTRE ET LITTÉRATURE,TRANSDISCIPLINAIRE
CULTURES URBAINES,PLURIDISCIPLINAIRE SPECTACLE VIVANT
"MUSIQUE, SPORT ET ÉCOLOGIE",TRANSDISCIPLINAIRE
MUSIQUES ACTUELLES ET VINS NATURELS,TRANSDISCIPLINAIRE
MUSIQUE ET MOTO,TRANSDISCIPLINAIRE
MOTO ET MUSIQUE,TRANSDISCIPLINAIRE
